TeamID,Team,Age,W,L,PW,PL,MOV,SOS,SRS,ORtg,DRtg,NRtg,Pace,FTr,3PAr,TS%,,eFG%,TOV%,ORB%,FT/FGA,,DeFG%,DTOV%,DRB%,DFT/FGA,,Arena,Attend.,Attend./G,RANK
1,Atlanta Hawks*,27.9,43,39,39,43,-0.85,-0.38,-1.23,104.9,105.7,-0.8,97.4,.295,.309,.541,,.504,14.2,23.6,.215,,.507,13.8,76.1,.179,,Philips Arena,654306,15959,10
2,Boston Celtics*,25.9,53,29,48,34,2.63,-0.39,2.25,111.2,108.4,+2.8,96.8,.273,.393,.567,,.525,12.2,21.2,.220,,.503,12.6,75.3,.223,,TD Garden,760690,18553,3
3,Brooklyn Nets,26.0,20,62,24,58,-6.73,-0.01,-6.74,104.1,110.7,-6.6,101.3,.289,.371,.551,,.507,14.7,19.6,.228,,.513,11.6,76.1,.212,,Barclays Center,632608,15429,30
4,Charlotte Hornets,26.5,36,46,42,40,0.20,-0.26,-0.07,108.8,108.6,+0.2,95.7,.279,.335,.547,,.501,10.7,19.9,.227,,.523,12.1,79.6,.164,,Spectrum Center,710643,17333,20
5,Chicago Bulls*,26.9,41,41,42,40,0.43,-0.39,0.03,107.4,107.0,+0.4,95.3,.259,.256,.530,,.487,12.3,27.0,.206,,.507,12.4,76.8,.169,,United Center,888882,21680,11
6,Cleveland Cavaliers*,29.2,51,31,49,33,3.18,-0.31,2.87,113.6,110.3,+3.3,96.2,.275,.399,.580,,.547,12.6,21.9,.206,,.516,11.4,75.8,.174,,Quicken Loans Arena,843042,20562,2
7,Dallas Mavericks,27.6,33,49,33,49,-2.93,0.40,-2.53,105.6,108.8,-3.2,92.2,.225,.366,.541,,.505,11.6,18.1,.180,,.529,14.4,77.6,.218,,American Airlines Center,811366,19789,22
8,Denver Nuggets,25.2,40,42,42,40,0.51,0.19,0.70,113.2,112.7,+0.5,98.3,.276,.329,.568,,.530,13.2,27.3,.214,,.532,10.9,78.7,.194,,Pepsi Center,605585,14672,18
9,Detroit Pistons,25.4,37,45,38,44,-1.12,-0.17,-1.29,106.0,107.1,-1.1,95.0,.218,.263,.521,,.492,10.9,24.1,.157,,.516,12.1,81.2,.197,,The Palace of Auburn Hills,655141,15979,19
10,Golden State Warriors*,28.2,67,15,67,15,11.63,-0.28,11.35,115.6,104.0,+11.6,99.8,.259,.359,.597,,.563,13.2,22.8,.204,,.486,13.5,74.9,.198,,Oracle Arena,803436,19596,1
11,Houston Rockets*,27.4,55,27,55,27,5.77,0.08,5.84,114.7,109.0,+5.7,100.0,.304,.462,.583,,.545,13.3,24.6,.233,,.519,13.2,75.8,.194,,Toyota Center,695903,16973,6
12,Indiana Pacers*,27.0,42,40,40,42,-0.22,-0.42,-0.64,108.6,108.8,-0.2,95.9,.261,.272,.558,,.516,12.8,21.2,.212,,.512,13.6,75.5,.225,,Bankers Life Fieldhouse,684578,16697,15
13,Los Angeles Clippers*,30.0,51,31,52,30,4.29,0.13,4.42,112.7,108.2,+4.5,96.1,.312,.329,.574,,.537,12.0,21.5,.233,,.506,12.1,76.9,.211,,STAPLES Center,782609,19088,9
14,Los Angeles Lakers,25.1,26,56,24,58,-6.88,0.58,-6.29,106.0,113.0,-7.0,98.5,.259,.295,.537,,.501,13.5,25.0,.195,,.542,13.0,75.8,.213,,STAPLES Center,776917,18949,28
15,Memphis Grizzlies*,29.5,43,39,42,40,0.49,0.47,0.96,107.7,107.1,+0.6,92.3,.280,.316,.535,,.491,12.1,24.8,.219,,.506,13.6,77.5,.256,,FedEx Forum,677314,16520,12
16,Miami Heat,26.5,41,41,44,38,1.06,-0.29,0.77,107.8,106.7,+1.1,95.2,.251,.314,.541,,.512,12.4,24.2,.177,,.496,12.6,76.4,.220,,AmericanAirlines Arena,805400,19644,17
17,Milwaukee Bucks*,25.6,42,40,40,42,-0.18,-0.26,-0.45,109.1,109.3,-0.2,94.5,.274,.290,.565,,.527,13.2,21.5,.210,,.518,13.6,75.4,.215,,BMO Harris Bradley Center,648952,15828,13
18,Minnesota Timberwolves,24.0,31,51,38,44,-1.11,0.47,-0.64,110.8,112.0,-1.2,94.6,.287,.249,.555,,.511,12.9,27.2,.229,,.535,13.2,75.9,.212,,Target Center,607203,14810,24
19,New Orleans Pelicans,25.7,34,48,35,47,-2.10,0.41,-1.69,105.2,107.4,-2.2,98.0,.256,.308,.539,,.504,11.7,18.5,.192,,.509,12.4,76.8,.177,,Smoothie King Center,663099,16173,21
20,New York Knicks,27.3,31,51,31,51,-3.67,-0.20,-3.87,107.7,111.5,-3.8,96.0,.239,.279,.534,,.496,12.4,26.6,.188,,.511,11.7,74.1,.214,,Madison Square Garden (IV),810741,19774,25
21,Oklahoma City Thunder*,24.7,47,35,43,39,0.76,0.39,1.14,108.3,107.5,+0.8,97.8,.295,.295,.540,,.500,13.2,27.9,.220,,.511,12.5,79.0,.218,,Chesapeake Energy Arena,746323,18203,14
22,Orlando Magic,25.3,29,53,24,58,-6.57,-0.04,-6.61,103.7,110.5,-6.8,96.8,.246,.300,.524,,.489,12.1,21.6,.184,,.523,11.9,77.4,.201,,Amway Center,727875,17753,26
23,Philadelphia 76ers,24.6,28,54,26,56,-5.70,-0.14,-5.83,103.2,108.9,-5.7,98.5,.258,.349,.539,,.501,14.9,22.4,.199,,.512,13.5,75.3,.234,,Wells Fargo Center,710557,17331,27
24,Phoenix Suns,25.0,24,58,27,55,-5.63,0.49,-5.14,106.6,112.2,-5.6,100.3,.297,.255,.538,,.493,13.4,26.0,.231,,.525,13.1,76.4,.264,,Talking Stick Resort Arena,708639,17134,29
25,Portland Trail Blazers*,24.8,41,41,40,42,-0.52,0.30,-0.23,110.3,110.8,-0.5,96.7,.275,.322,.559,,.520,12.5,23.0,.214,,.508,11.6,76.8,.241,,Moda Center,792029,19318,16
26,Sacramento Kings,27.9,32,50,31,51,-3.88,0.58,-3.29,107.3,111.3,-4.0,94.9,.284,.291,.556,,.516,13.7,21.0,.220,,.528,12.9,76.3,.227,,Golden 1 Center,721928,17608,23
27,San Antonio Spurs*,29.6,61,21,60,22,7.20,-0.06,7.13,111.1,103.5,+7.6,94.2,.263,.281,.564,,.524,12.6,24.0,.210,,.492,13.5,77.6,.192,,AT&T Center,755347,18423,4
28,Toronto Raptors*,26.1,51,31,52,30,4.21,-0.56,3.65,112.3,107.8,+4.5,94.7,.293,.289,.561,,.517,11.8,25.0,.233,,.507,13.5,76.3,.223,,Air Canada Centre,813050,19830,8
29,Utah Jazz*,26.8,51,31,52,30,3.94,0.06,4.00,109.6,105.3,+4.3,91.6,.288,.327,.563,,.526,13.2,23.2,.215,,.493,11.8,78.9,.195,,Vivint Smart Home Arena,806142,19662,7
30,Washington Wizards*,26.0,49,33,46,36,1.80,-0.45,1.36,111.2,109.3,+1.9,97.4,.254,.284,.564,,.528,12.8,24.1,.199,,.524,13.8,75.5,.213,,Verizon Center,697107,17003,5
1,Atlanta Hawks,25.4,24,58,27,55,-5.45,0.15,-5.30,105.0,110.6,-5.6,98.3,.236,.363,.547,,.512,14.1,21.1,.185,,.536,13.6,76.2,.183,,Philips Arena,590769,14409,27
2,Boston Celtics*,24.7,55,27,51,31,3.59,-0.35,3.23,107.6,103.9,+3.7,96.0,.243,.357,.552,,.518,13.0,21.5,.188,,.495,13.0,78.4,.191,,TD Garden,763584,18624,3
3,Brooklyn Nets,25.1,28,54,31,51,-3.74,0.07,-3.67,106.9,110.6,-3.7,98.9,.260,.411,.551,,.514,13.6,21.0,.201,,.517,11.0,77.0,.201,,Barclays Center,640010,15376,23
4,Charlotte Hornets,26.6,36,46,42,40,0.26,-0.19,0.07,109.4,109.1,+0.3,98.4,.312,.314,.549,,.508,11.4,22.2,.233,,.532,12.4,80.7,.165,,Spectrum Center,671404,16376,20
5,Chicago Bulls,24.4,27,55,23,59,-7.04,0.20,-6.84,103.8,110.9,-7.1,98.3,.216,.350,.529,,.497,12.6,20.6,.164,,.542,12.4,80.6,.184,,United Center,851824,20776,24
6,Cleveland Cavaliers*,30.6,50,32,43,39,0.94,-0.35,0.59,112.9,111.9,+1.0,98.0,.275,.379,.584,,.547,12.6,20.1,.214,,.540,12.2,77.3,.166,,Quicken Loans Arena,843042,20562,2
7,Dallas Mavericks,27.7,24,58,33,49,-3.04,0.34,-2.70,106.3,109.5,-3.2,95.6,.217,.382,.544,,.513,11.6,18.0,.166,,.532,12.9,78.9,.193,,American Airlines Center,811453,19792,28
8,Denver Nuggets,25.1,46,36,45,37,1.48,0.09,1.57,112.5,111.0,+1.5,96.8,.258,.357,.570,,.536,13.4,25.7,.198,,.539,12.6,77.5,.173,,Pepsi Center,702796,17141,17
9,Detroit Pistons,25.9,39,43,41,41,-0.15,-0.11,-0.26,107.2,107.3,-0.1,96.2,.227,.333,.543,,.512,12.3,22.7,.169,,.524,13.7,78.5,.172,,Little Caesars Arena,713945,17413,19
10,Golden State Warriors*,28.8,58,24,56,26,5.98,-0.19,5.79,113.6,107.6,+6.0,99.6,.239,.339,.603,,.569,14.1,21.0,.195,,.504,12.6,76.3,.186,,Oracle Arena,803436,19596,1
11,Houston Rockets*,29.8,65,17,61,21,8.48,-0.27,8.21,114.7,106.1,+8.6,97.6,.298,.502,.590,,.551,12.7,21.3,.233,,.521,13.4,79.9,.171,,Toyota Center,732722,17871,4
12,Indiana Pacers*,26.2,48,34,45,37,1.38,-0.20,1.18,109.5,108.1,+1.4,96.0,.222,.284,.557,,.525,12.3,22.7,.173,,.527,14.2,76.2,.174,,Bankers Life Fieldhouse,658119,16052,10
13,Los Angeles Clippers,27.0,42,40,41,41,0.04,0.11,0.15,110.3,110.2,+0.1,98.7,.299,.314,.564,,.527,13.2,23.5,.222,,.520,12.6,76.1,.203,,STAPLES Center,697812,17020,18
14,Los Angeles Lakers,23.7,35,47,37,45,-1.55,0.11,-1.44,106.5,108.0,-1.5,100.3,.264,.329,.548,,.517,13.8,23.6,.188,,.514,12.5,77.7,.190,,STAPLES Center,776327,18935,21
15,Memphis Grizzlies,26.0,22,60,25,57,-6.21,0.39,-5.81,104.5,111.0,-6.5,94.9,.255,.317,.539,,.500,14.0,22.4,.201,,.529,13.8,76.5,.256,,FedEx Forum,653863,15948,29
16,Miami Heat*,26.5,44,38,42,40,0.48,-0.33,0.15,106.8,106.3,+0.5,95.6,.229,.358,.551,,.520,13.3,21.5,.173,,.507,13.1,79.0,.215,,AmericanAirlines Arena,804850,19630,13
17,Milwaukee Bucks*,25.9,44,38,40,42,-0.30,-0.15,-0.45,109.8,110.1,-0.3,96.2,.281,.297,.571,,.531,12.9,20.4,.220,,.528,14.2,75.9,.220,,BMO Harris Bradley Center,685303,16856,9
18,Minnesota Timberwolves*,27.1,47,35,47,35,2.23,0.12,2.35,113.4,111.1,+2.3,96.0,.280,.261,.566,,.523,11.4,24.4,.225,,.539,13.9,76.4,.189,,Target Center,699308,17056,14
19,New Orleans Pelicans*,27.6,48,34,44,38,1.30,0.18,1.48,109.6,108.3,+1.3,100.5,.237,.319,.573,,.541,13.3,20.0,.183,,.513,12.5,76.7,.175,,Smoothie King Center,673920,16437,8
20,New York Knicks,26.3,29,53,32,50,-3.56,0.03,-3.53,107.1,110.7,-3.6,96.8,.216,.266,.544,,.510,13.3,24.1,.170,,.522,12.2,76.7,.208,,Madison Square Garden (IV),792608,19332,22
21,Oklahoma City Thunder*,27.3,48,34,50,32,3.41,0.00,3.42,110.7,107.2,+3.5,96.7,.275,.345,.546,,.514,12.4,27.7,.197,,.525,14.7,77.4,.193,,Chesapeake Energy Arena,746322,18203,12
22,Orlando Magic,25.6,25,57,28,54,-4.82,-0.10,-4.92,105.2,110.1,-4.9,98.1,.238,.342,.545,,.512,13.3,20.0,.180,,.525,12.8,75.6,.187,,Amway Center,734531,17915,26
23,Philadelphia 76ers*,25.8,52,30,53,29,4.50,-0.20,4.30,109.5,105.0,+4.5,99.8,.263,.344,.568,,.535,14.6,25.3,.198,,.492,12.6,78.6,.218,,Wells Fargo Center,833503,20361,6
24,Phoenix Suns,23.7,21,61,19,63,-9.37,0.57,-8.80,103.5,112.8,-9.3,100.3,.275,.320,.532,,.495,13.9,22.5,.203,,.533,11.9,76.5,.212,,Talking Stick Resort Arena,690576,16843,30
25,Portland Trail Blazers*,25.6,49,33,48,34,2.60,0.00,2.60,109.1,106.4,+2.7,96.5,.240,.324,.549,,.511,12.3,23.3,.192,,.503,11.7,79.1,.193,,Moda Center,795750,19409,16
26,Sacramento Kings,26.4,27,55,23,59,-6.99,0.39,-6.60,103.7,111.1,-7.4,94.9,.194,.278,.529,,.502,12.8,21.5,.143,,.542,13.5,77.6,.199,,Golden 1 Center,714680,17431,25
27,San Antonio Spurs*,29.3,47,35,49,33,2.89,0.00,2.89,107.9,104.8,+3.1,95.0,.245,.282,.543,,.507,12.2,23.7,.189,,.507,13.2,78.6,.170,,AT&T Center,754562,18404,15
28,Toronto Raptors*,25.8,59,23,60,22,7.78,-0.49,7.29,113.8,105.9,+7.9,97.4,.250,.377,.575,,.539,12.1,23.0,.198,,.501,13.0,77.7,.212,,Air Canada Centre,813431,19840,7
29,Utah Jazz*,26.7,48,34,53,29,4.30,0.17,4.47,108.4,103.9,+4.5,95.7,.260,.357,.564,,.527,13.7,21.5,.202,,.506,14.0,79.8,.190,,Vivint Smart Home Arena,734806,17922,5
30,Washington Wizards*,26.9,43,39,43,39,0.59,-0.06,0.53,109.3,108.7,+0.6,96.6,.254,.310,.560,,.525,13.3,23.5,.196,,.522,13.6,77.1,.212,,Capital One Arena,739302,18032,11
1,Atlanta Hawks,25.1,29,53,27,55,-6.02,-0.04,-6.06,108.1,113.9,-5.8,103.9,.255,.403,.555,,.522,14.3,24.7,.192,,.541,12.8,76.4,.237,,State Farm Arena,628440,15328,26
2,Boston Celtics*,25.7,49,33,52,30,4.44,-0.54,3.90,112.2,107.8,+4.4,99.6,.215,.381,.567,,.534,11.5,21.6,.173,,.514,13.4,77.0,.198,,TD Garden,763584,18624,8
3,Brooklyn Nets*,25.4,42,40,41,41,-0.07,-0.33,-0.40,109.6,109.7,-0.1,100.8,.284,.403,.556,,.520,13.0,23.8,.211,,.512,11.6,76.4,.190,,Barclays Center,612597,14941,11
4,Charlotte Hornets,26.6,39,43,38,44,-1.10,-0.22,-1.32,111.4,112.5,-1.1,98.7,.257,.378,.554,,.514,10.9,21.7,.205,,.538,12.1,77.1,.179,,Spectrum Center,676570,16502,17
5,Chicago Bulls,24.0,22,60,21,61,-8.41,0.10,-8.32,104.8,113.2,-8.4,99.0,.235,.295,.541,,.505,12.7,19.4,.184,,.541,11.9,77.3,.188,,United Center,823475,20085,27
6,Cleveland Cavaliers,25.2,19,63,19,63,-9.61,0.22,-9.39,107.7,117.6,-9.9,96.6,.236,.332,.540,,.503,12.2,23.7,.187,,.564,11.5,77.0,.181,,Quicken Loans Arena,793337,19350,28
7,Dallas Mavericks,26.9,33,49,38,44,-1.28,0.42,-0.87,109.4,110.7,-1.3,99.0,.291,.422,.555,,.519,12.7,22.7,.216,,.522,11.6,77.5,.191,,American Airlines Center,820569,20014,22
8,Denver Nuggets*,24.9,54,28,51,31,3.95,0.24,4.19,113.0,108.9,+4.1,97.7,.232,.348,.558,,.527,11.9,26.6,.175,,.521,12.3,78.0,.194,,Pepsi Center,756457,18450,5
9,Detroit Pistons*,26.9,41,41,40,42,-0.24,-0.31,-0.56,109.0,109.2,-0.2,97.4,.262,.394,.544,,.509,12.3,24.8,.195,,.526,12.8,78.7,.211,,Little Caesars Arena,675963,16487,15
10,Golden State Warriors*,28.4,57,25,56,26,6.46,-0.04,6.42,115.9,109.5,+6.4,100.9,.227,.384,.596,,.565,12.6,22.5,.182,,.508,11.7,77.1,.205,,Oracle Arena,803436,19596,2
11,Houston Rockets*,29.2,53,29,53,29,4.77,0.19,4.96,115.5,110.7,+4.8,97.9,.279,.519,.581,,.542,12.0,22.8,.221,,.525,13.4,74.4,.210,,Toyota Center,740392,18058,7
12,Indiana Pacers*,27.0,48,34,50,32,3.33,-0.57,2.76,109.9,106.5,+3.4,98.1,.242,.292,.561,,.530,12.4,21.9,.182,,.516,14.1,76.2,.184,,Bankers Life Fieldhouse,689310,16812,16
13,Los Angeles Clippers*,27.2,48,34,43,39,0.85,0.23,1.09,112.4,111.5,+0.9,101.7,.326,.295,.575,,.529,12.7,22.0,.258,,.514,11.4,76.0,.224,,STAPLES Center,710327,17325,10
14,Los Angeles Lakers,26.2,37,45,37,45,-1.72,0.39,-1.33,107.8,109.5,-1.7,103.2,.257,.342,.554,,.527,13.4,22.2,.180,,.516,12.2,76.4,.192,,STAPLES Center,778877,18997,20
15,Memphis Grizzlies,27.7,33,49,34,48,-2.60,0.51,-2.08,106.1,108.8,-2.7,96.6,.272,.342,.548,,.508,12.9,20.0,.210,,.521,13.9,77.6,.232,,FedEx Forum,638332,15569,23
16,Miami Heat,27.0,39,43,40,42,-0.23,-0.22,-0.45,107.3,107.6,-0.3,98.2,.247,.368,.542,,.515,13.1,24.8,.172,,.510,12.7,77.6,.201,,AmericanAirlines Arena,805264,19641,18
17,Milwaukee Bucks*,26.9,60,22,61,21,8.87,-0.82,8.04,113.8,105.2,+8.6,103.3,.255,.419,.583,,.550,12.0,20.8,.197,,.503,11.5,80.3,.162,,Fiserv Forum,721692,17602,4
18,Minnesota Timberwolves,26.2,36,46,37,45,-1.50,0.48,-1.02,111.4,112.9,-1.5,100.2,.267,.315,.552,,.511,11.4,24.6,.210,,.538,12.9,74.9,.190,,Target Center,627543,15306,21
19,New Orleans Pelicans,25.7,33,49,38,44,-1.33,0.23,-1.10,111.4,112.6,-1.2,103.3,.254,.324,.563,,.529,12.6,24.1,.193,,.532,11.6,76.8,.193,,Smoothie King Center,656183,16004,24
20,New York Knicks,23.4,17,65,19,63,-9.21,0.28,-8.93,104.5,113.7,-9.2,99.6,.270,.334,.529,,.490,12.4,22.1,.205,,.533,11.7,76.1,.203,,Madison Square Garden (IV),779087,19002,30
21,Oklahoma City Thunder*,25.7,49,33,50,32,3.40,0.15,3.56,110.3,107.0,+3.3,102.8,.266,.347,.545,,.514,11.7,26.0,.190,,.523,14.4,78.2,.206,,Chesapeake Energy Arena,746323,18203,12
22,Orlando Magic*,25.7,42,40,43,39,0.71,-0.43,0.28,108.9,108.1,+0.8,98.1,.216,.360,.550,,.518,11.9,22.0,.168,,.515,11.8,79.7,.186,,Amway Center,720024,17431,14
23,Philadelphia 76ers*,26.4,51,31,48,34,2.70,-0.44,2.25,112.6,110.0,+2.6,101.6,.312,.342,.574,,.532,12.9,24.5,.241,,.512,11.1,78.6,.206,,Wells Fargo Center,838342,20447,6
24,Phoenix Suns,24.0,19,63,19,63,-9.34,0.73,-8.61,105.9,115.1,-9.2,100.5,.259,.335,.552,,.514,13.8,20.5,.202,,.545,13.5,72.5,.236,,Talking Stick Resort Arena,627023,15293,29
25,Portland Trail Blazers*,26.2,53,29,51,31,4.20,0.24,4.43,114.7,110.5,+4.2,99.1,.258,.339,.568,,.528,12.1,26.6,.210,,.516,11.0,77.9,.195,,Moda Center,799345,19496,3
26,Sacramento Kings,24.8,39,43,38,44,-1.12,0.31,-0.81,110.4,111.5,-1.1,103.1,.244,.321,.554,,.524,11.5,23.1,.177,,.533,13.6,75.5,.207,,Golden 1 Center,700975,17097,19
27,San Antonio Spurs*,28.8,48,34,45,37,1.68,0.12,1.80,112.9,111.2,+1.7,98.3,.237,.286,.572,,.534,11.0,21.0,.194,,.528,11.0,79.4,.170,,AT&T Center,750616,18308,9
28,Toronto Raptors*,27.3,58,24,56,26,6.09,-0.60,5.49,113.1,107.1,+6.0,100.2,.247,.379,.579,,.543,12.4,21.9,.198,,.509,13.1,77.1,.190,,Scotiabank Arena,812822,19825,1
29,Utah Jazz*,27.3,50,32,54,28,5.26,0.03,5.28,110.9,105.7,+5.2,100.3,.295,.394,.572,,.538,13.4,22.9,.217,,.507,12.4,80.3,.189,,Vivint Smart Home Arena,750546,18306,13
30,Washington Wizards,26.5,32,50,34,48,-2.90,-0.40,-3.30,111.1,113.9,-2.8,101.4,.266,.370,.567,,.531,12.3,21.3,.204,,.546,13.5,74.1,.199,,Capital One Arena,716996,17448,25
1,Atlanta Hawks,24.1,20,47,18,49,-7.97,0.27,-7.71,107.2,114.8,-7.6,103.0,.258,.398,.554,,.515,13.8,21.6,.204,,.543,12.7,74.9,.233,,State Farm Arena,545453,16043,26
2,Boston Celtics*,25.3,48,24,50,22,6.31,-0.47,5.83,113.3,107.0,+6.3,99.5,.259,.386,.570,,.531,12.2,23.9,.207,,.509,13.5,77.4,.215,,TD Garden,610864,19090,4
3,Brooklyn Nets*,26.3,35,37,35,37,-0.57,-0.44,-1.01,108.9,109.5,-0.6,101.4,.267,.423,.554,,.520,13.1,23.2,.199,,.511,11.0,77.8,.187,,Barclays Center,524907,16403,14
4,Charlotte Hornets,24.3,23,42,19,46,-6.75,-0.28,-7.03,106.3,113.3,-7.0,95.8,.252,.399,.539,,.504,13.3,23.9,.188,,.546,13.1,74.4,.159,,Spectrum Center,478591,15428,23
5,Chicago Bulls,24.4,22,43,26,39,-3.08,-0.93,-4.00,106.7,109.8,-3.1,99.7,.231,.396,.547,,.515,13.7,22.8,.175,,.546,16.3,75.6,.239,,United Center,639352,18804,24
6,Cleveland Cavaliers,25.0,19,46,18,47,-7.89,0.12,-7.77,107.5,115.4,-7.9,98.7,.227,.362,.553,,.522,14.6,24.6,.172,,.560,11.7,77.4,.164,,Quicken Loans Arena,643008,17861,28
7,Dallas Mavericks*,26.1,43,32,49,26,4.95,-0.07,4.87,116.7,111.7,+5.0,99.3,.264,.457,.581,,.545,11.2,23.2,.206,,.525,10.6,77.7,.175,,American Airlines Center,682096,20062,11
8,Denver Nuggets*,25.6,46,27,41,32,2.11,0.24,2.35,113.1,111.0,+2.1,97.1,.235,.344,.567,,.535,12.3,24.8,.183,,.533,12.9,76.8,.198,,Pepsi Center,633153,19186,3
9,Detroit Pistons,25.9,20,46,26,40,-3.56,-0.82,-4.38,109.0,112.7,-3.7,97.6,.261,.381,.561,,.529,13.8,22.6,.194,,.541,12.7,75.9,.186,,Little Caesars Arena,509469,15294,27
10,Golden State Warriors,24.4,15,50,16,49,-8.71,0.59,-8.12,105.2,113.8,-8.6,100.3,.264,.355,.540,,.497,13.2,21.5,.212,,.553,13.7,76.4,.193,,Chase Center,614176,18064,30
11,Houston Rockets*,29.2,44,28,42,30,2.96,0.17,3.13,112.9,110.1,+2.8,103.7,.288,.501,.578,,.537,12.6,21.0,.228,,.529,13.7,75.6,.197,,Toyota Center,578458,18077,6
12,Indiana Pacers*,25.6,45,28,41,32,1.96,-0.33,1.63,110.0,108.0,+2.0,98.9,.216,.317,.565,,.534,12.0,20.0,.170,,.511,13.0,76.7,.192,,Bankers Life Fieldhouse,529002,16531,15
13,Los Angeles Clippers*,27.4,49,23,50,22,6.44,0.21,6.66,113.9,107.6,+6.3,101.5,.295,.375,.577,,.535,12.6,23.5,.233,,.506,12.2,77.6,.206,,STAPLES Center,610176,19068,5
14,Los Angeles Lakers*,29.5,52,19,48,23,5.79,0.49,6.28,112.0,106.3,+5.7,100.9,.276,.358,.573,,.542,13.3,24.5,.201,,.515,14.1,78.8,.205,,STAPLES Center,588907,18997,1
15,Memphis Grizzlies,24.1,34,39,34,39,-1.07,0.16,-0.91,109.2,110.3,-1.1,102.8,.240,.346,.561,,.528,13.2,23.0,.183,,.521,12.7,77.8,.217,,FedEx Forum,523297,15857,18
16,Miami Heat*,25.9,44,29,43,30,2.95,-0.35,2.59,112.5,109.5,+3.0,98.3,.299,.419,.587,,.547,13.5,20.3,.234,,.523,12.6,79.5,.213,,AmericanAirlines Arena,629771,19680,2
17,Milwaukee Bucks*,29.2,56,17,57,16,10.08,-0.67,9.41,112.4,102.9,+9.5,105.1,.271,.428,.583,,.552,12.9,20.7,.201,,.489,12.0,81.6,.178,,Fiserv Forum,549036,17711,8
18,Minnesota Timberwolves,24.8,19,45,24,40,-4.30,0.28,-4.02,108.1,112.2,-4.1,103.4,.277,.433,.551,,.514,13.0,22.1,.209,,.541,13.2,77.2,.218,,Target Center,482112,15066,29
19,New Orleans Pelicans,25.4,30,42,33,39,-1.29,0.74,-0.55,110.7,111.9,-1.2,103.7,.256,.403,.568,,.539,13.9,24.2,.186,,.532,12.4,77.8,.212,,Smoothie King Center,528172,16505,21
20,New York Knicks,24.5,21,45,20,46,-6.45,-0.26,-6.72,106.5,113.0,-6.5,98.6,.263,.318,.531,,.501,12.6,25.8,.182,,.541,12.4,78.3,.224,,Madison Square Garden (IV),620789,18812,25
21,Oklahoma City Thunder*,25.5,44,28,41,31,1.99,0.34,2.33,110.8,108.8,+2.0,98.8,.290,.353,.573,,.530,12.4,19.3,.231,,.518,12.6,76.8,.173,,Chesapeake Energy Arena,600699,18203,10
22,Orlando Magic*,26.1,33,40,34,39,-1.01,0.09,-0.93,108.5,109.5,-1.0,98.6,.256,.364,.544,,.506,11.5,22.3,.198,,.535,13.2,79.1,.176,,Amway Center,529870,17093,12
23,Philadelphia 76ers*,26.3,43,30,42,31,2.38,-0.13,2.25,111.3,109.0,+2.3,99.0,.255,.360,.566,,.534,12.7,23.9,.193,,.523,12.5,80.3,.214,,Wells Fargo Center,639491,20629,16
24,Phoenix Suns,24.6,34,39,37,36,0.22,0.35,0.56,111.7,111.4,+0.3,101.3,.271,.361,.576,,.532,13.0,22.2,.226,,.539,13.7,78.8,.221,,Talking Stick Resort Arena,550633,15606,17
25,Portland Trail Blazers*,27.5,35,39,34,40,-1.15,0.54,-0.61,113.7,114.8,-1.1,100.7,.242,.374,.570,,.533,11.2,22.4,.194,,.530,11.2,75.3,.208,,Moda Center,628303,19634,13
26,Sacramento Kings,27.0,31,41,31,41,-2.04,0.46,-1.59,110.2,112.2,-2.0,98.9,.230,.395,.566,,.534,13.0,21.9,.177,,.543,13.6,78.4,.225,,Golden 1 Center,520663,16796,20
27,San Antonio Spurs,27.6,32,39,33,38,-1.11,0.46,-0.65,112.4,113.5,-1.1,100.5,.262,.318,.572,,.531,11.2,20.1,.212,,.542,11.7,79.2,.193,,AT&T Center,550515,18351,19
28,Toronto Raptors*,26.6,53,19,50,22,6.24,-0.26,5.97,111.1,105.0,+6.1,100.9,.264,.421,.574,,.536,13.1,21.3,.210,,.502,14.6,76.7,.202,,Scotiabank Arena,633456,19796,7
29,Utah Jazz*,27.3,44,28,42,30,2.47,0.05,2.52,112.3,109.9,+2.4,98.6,.268,.414,.585,,.549,13.7,21.6,.208,,.518,11.1,78.9,.185,,Vivint Smart Home Arena,567486,18306,9
30,Washington Wizards,25.1,25,47,26,46,-4.67,-0.57,-5.24,110.9,115.5,-4.6,102.7,.270,.358,.562,,.523,12.2,22.2,.213,,.558,13.9,75.3,.231,,Capital One Arena,532702,16647,22
1,Atlanta Hawks*,28.2,48,34,51,31,3.61,-0.12,3.49,105.1,101.4,+3.7,97.1,.237,.336,.552,,.516,13.8,19.1,.185,,.480,14.4,74.6,.194,,Philips Arena,690150,16833,8
2,Boston Celtics*,25.2,48,34,50,32,3.21,-0.37,2.84,106.8,103.6,+3.2,98.5,.264,.293,.531,,.488,12.1,25.1,.208,,.487,14.6,74.6,.231,,TD Garden,749076,18270,12
3,Brooklyn Nets,26.9,21,61,22,60,-7.35,0.24,-7.12,103.2,110.9,-7.7,95.2,.246,.218,.527,,.492,13.6,24.1,.186,,.534,13.1,75.7,.176,,Barclays Center,620142,15125,28
4,Charlotte Hornets*,26.0,48,34,49,33,2.72,-0.36,2.36,107.1,104.3,+2.8,95.7,.280,.348,.545,,.502,11.7,20.0,.222,,.496,12.5,79.8,.191,,Time Warner Cable Arena,716894,17485,10
5,Chicago Bulls,27.6,42,40,37,45,-1.48,0.01,-1.46,105.0,106.5,-1.5,95.7,.240,.244,.526,,.487,12.6,24.5,.189,,.485,10.7,74.9,.182,,United Center,894659,21821,17
6,Cleveland Cavaliers*,28.1,57,25,57,25,6.00,-0.55,5.45,110.9,104.5,+6.4,93.3,.259,.352,.558,,.524,12.7,25.1,.194,,.496,12.6,78.5,.205,,Quicken Loans Arena,843042,20562,1
7,Dallas Mavericks*,30.3,42,40,40,42,-0.30,0.29,-0.02,106.7,107.0,-0.3,94.3,.265,.339,.544,,.502,12.0,20.6,.211,,.504,12.8,76.2,.198,,American Airlines Center,825901,20144,13
8,Denver Nuggets,24.7,33,49,33,49,-3.10,0.29,-2.81,105.6,108.9,-3.3,95.7,.282,.277,.531,,.489,13.2,25.8,.216,,.515,12.6,77.3,.216,,Pepsi Center,577898,14095,21
9,Detroit Pistons*,25.0,44,38,43,39,0.61,-0.18,0.43,106.1,105.5,+0.6,95.1,.296,.303,.522,,.491,12.2,27.0,.197,,.504,12.5,79.3,.196,,The Palace of Auburn Hills,677138,16516,15
10,Golden State Warriors*,27.4,73,9,65,17,10.76,-0.38,10.38,114.5,103.8,+10.7,99.3,.250,.362,.593,,.563,13.5,23.5,.191,,.479,12.6,76.0,.208,,Oracle Arena,803436,19596,2
11,Houston Rockets*,27.8,41,41,42,40,0.20,0.14,0.34,108.3,108.1,+0.2,97.6,.352,.370,.553,,.516,14.2,25.7,.244,,.516,14.7,72.8,.219,,Toyota Center,737244,17982,14
12,Indiana Pacers*,26.9,45,37,46,36,1.71,-0.09,1.62,104.6,102.9,+1.7,96.6,.268,.270,.536,,.497,13.5,23.4,.205,,.489,14.3,76.0,.205,,Bankers Life Fieldhouse,690733,16847,9
13,Los Angeles Clippers*,29.7,53,29,53,29,4.28,-0.15,4.13,108.3,103.8,+4.5,95.8,.318,.324,.556,,.524,12.1,20.1,.220,,.480,13.8,73.8,.222,,STAPLES Center,786910,19193,11
14,Los Angeles Lakers,26.5,17,65,17,65,-9.56,0.64,-8.92,101.6,111.6,-10.0,95.6,.292,.290,.509,,.460,12.5,23.1,.228,,.523,11.6,74.7,.202,,STAPLES Center,778877,18997,29
15,Memphis Grizzlies*,30.5,42,40,35,47,-2.24,0.11,-2.14,105.4,107.8,-2.4,93.3,.295,.222,.524,,.477,12.3,25.3,.231,,.518,15.2,75.1,.251,,FedEx Forum,701894,17119,16
16,Miami Heat*,28.4,48,34,46,36,1.65,-0.14,1.50,106.1,104.4,+1.7,93.6,.282,.221,.545,,.508,13.3,23.8,.210,,.485,12.1,77.8,.196,,AmericanAirlines Arena,809350,19740,5
17,Milwaukee Bucks,23.5,33,49,29,53,-4.18,0.20,-3.98,104.3,108.7,-4.4,94.2,.276,.189,.537,,.499,14.2,24.9,.207,,.510,14.2,73.1,.221,,BMO Harris Bradley Center,621808,15166,22
18,Minnesota Timberwolves,24.6,29,53,31,51,-3.54,0.15,-3.38,106.5,110.1,-3.6,95.2,.332,.202,.549,,.498,13.9,24.3,.263,,.524,13.6,74.7,.200,,Target Center,581178,14175,26
19,New Orleans Pelicans,26.6,30,52,31,51,-3.79,0.24,-3.56,105.6,109.5,-3.9,96.8,.259,.277,.537,,.498,12.3,21.2,.201,,.523,12.7,78.8,.225,,Smoothie King Center,688549,16794,25
20,New York Knicks,27.2,32,50,33,49,-2.73,0.00,-2.74,104.6,107.6,-3.0,93.4,.255,.256,.527,,.483,12.6,23.7,.205,,.487,10.5,75.8,.204,,Madison Square Garden (IV),812292,19812,24
21,Oklahoma City Thunder*,25.8,55,27,59,23,7.28,-0.19,7.09,113.1,105.6,+7.5,96.7,.292,.275,.565,,.524,14.0,31.1,.228,,.484,11.7,76.0,.205,,Chesapeake Energy Arena,746323,18203,3
22,Orlando Magic,23.9,35,47,36,46,-1.62,-0.06,-1.68,105.1,106.8,-1.7,96.0,.232,.255,.533,,.500,12.8,23.1,.175,,.513,13.8,76.5,.215,,Amway Center,719275,17515,20
23,Philadelphia 76ers,23.3,10,72,16,66,-10.23,0.31,-9.92,98.8,109.2,-10.4,97.9,.269,.327,.519,,.487,14.8,20.6,.186,,.510,13.5,74.0,.240,,Wells Fargo Center,614650,14991,30
24,Phoenix Suns,26.0,23,59,24,58,-6.66,0.34,-6.32,102.2,109.0,-6.8,98.5,.271,.302,.526,,.487,15.2,25.4,.204,,.523,13.5,77.1,.237,,Talking Stick Resort Arena,701405,17107,27
25,Portland Trail Blazers*,24.3,44,38,43,39,0.83,0.15,0.98,108.8,108.0,+0.8,96.0,.268,.332,.548,,.511,13.2,25.9,.202,,.503,12.1,76.2,.225,,Moda Center,794085,19368,6
26,Sacramento Kings,26.6,33,49,34,48,-2.48,0.16,-2.32,106.0,108.4,-2.4,100.0,.295,.260,.546,,.510,14.2,23.9,.214,,.521,14.0,74.9,.202,,Sleep Train Arena,707526,17222,23
27,San Antonio Spurs*,30.3,67,15,67,15,10.63,-0.36,10.28,110.3,99.0,+11.3,93.8,.246,.223,.564,,.526,12.4,23.0,.197,,.477,14.1,79.1,.182,,AT&T Center,756445,18450,7
28,Toronto Raptors*,26.3,56,26,53,29,4.50,-0.42,4.08,110.0,105.2,+4.8,92.9,.328,.287,.552,,.504,12.3,24.6,.255,,.498,12.7,77.7,.201,,Air Canada Centre,812863,19826,4
29,Utah Jazz,24.2,40,42,46,36,1.79,0.05,1.84,105.9,103.9,+2.0,91.0,.286,.297,.540,,.501,14.2,25.9,.213,,.495,13.5,77.7,.210,,Vivint Smart Home Arena,791489,19305,19
30,Washington Wizards,27.3,41,41,40,42,-0.50,0.00,-0.50,105.3,105.8,-0.5,98.5,.263,.282,.544,,.511,13.1,20.6,.192,,.515,14.6,77.7,.218,,Verizon Center,725426,17693,18
1,Atlanta Hawks*,27.8,60,22,56,26,5.43,-0.68,4.75,108.9,103.1,+5.8,93.9,.259,.321,.563,,.527,13.5,21.4,.201,,.492,14.9,73.4,.185,,Philips Arena,713909,17412,4
2,Boston Celtics*,25.0,40,42,41,41,0.16,-0.56,-0.40,104.7,104.5,+0.2,95.8,.233,.280,.523,,.489,12.5,24.7,.176,,.494,13.7,75.0,.208,,TD Garden,721350,17594,16
3,Brooklyn Nets*,28.6,38,44,33,49,-2.88,-0.25,-3.13,104.4,107.4,-3.0,92.7,.267,.240,.529,,.491,13.0,23.9,.200,,.506,12.9,73.7,.185,,Barclays Center,698529,17037,10
4,Charlotte Hornets,26.0,33,49,32,50,-3.17,-0.27,-3.44,100.1,103.5,-3.4,93.0,.269,.226,.498,,.456,11.2,22.1,.202,,.487,12.0,79.3,.188,,Time Warner Cable Arena,704886,17192,22
5,Chicago Bulls*,28.8,50,32,50,32,3.00,-0.46,2.54,107.5,104.3,+3.2,92.8,.304,.269,.536,,.489,12.9,27.0,.238,,.473,11.3,74.4,.182,,United Center,886612,21625,6
6,Cleveland Cavaliers*,26.9,53,29,53,29,4.48,-0.40,4.08,111.1,106.3,+4.8,92.3,.287,.334,.557,,.520,13.4,26.8,.216,,.502,12.6,74.7,.177,,Quicken Loans Arena,843042,20562,2
7,Dallas Mavericks*,29.9,50,32,49,33,2.90,0.46,3.36,109.5,106.4,+3.1,95.2,.262,.296,.550,,.515,11.9,23.6,.197,,.503,14.7,72.2,.204,,American Airlines Center,827702,20188,11
8,Denver Nuggets,26.4,30,52,31,51,-3.55,0.48,-3.07,104.5,108.2,-3.7,96.1,.278,.284,.518,,.479,12.7,26.6,.204,,.504,13.0,74.7,.239,,Pepsi Center,602707,14700,24
9,Detroit Pistons,25.9,32,50,38,44,-1.00,-0.39,-1.39,105.3,106.4,-1.1,92.8,.261,.290,.515,,.482,12.3,27.7,.184,,.502,13.2,75.0,.192,,The Palace of Auburn Hills,625917,15266,23
10,Golden State Warriors*,26.6,67,15,65,17,10.10,-0.09,10.01,111.6,101.4,+10.2,98.3,.239,.311,.571,,.540,13.1,24.1,.184,,.470,14.3,74.5,.217,,Oracle Arena,803436,19596,1
11,Houston Rockets*,27.6,56,26,50,32,3.44,0.38,3.82,107.0,103.4,+3.6,96.5,.312,.392,.548,,.512,15.0,26.8,.223,,.486,14.6,72.9,.208,,Toyota Center,747412,18230,3
12,Indiana Pacers,28.3,38,44,42,40,0.28,-0.51,-0.23,103.5,103.2,+0.3,93.2,.266,.255,.523,,.484,13.1,24.0,.201,,.478,12.0,77.9,.217,,Bankers Life Fieldhouse,691434,16864,19
13,Los Angeles Clippers*,28.8,56,26,58,24,6.59,0.22,6.80,112.4,105.5,+6.9,94.7,.303,.322,.565,,.533,11.6,22.8,.215,,.493,13.2,75.7,.231,,STAPLES Center,785892,19168,5
14,Los Angeles Lakers,27.0,21,61,23,59,-6.84,0.67,-6.17,103.4,110.6,-7.2,94.0,.276,.220,.513,,.473,12.1,25.4,.204,,.518,12.1,76.3,.231,,STAPLES Center,768244,18738,27
15,Memphis Grizzlies*,29.6,55,27,50,32,3.24,0.38,3.62,105.7,102.2,+3.5,92.0,.276,.184,.531,,.489,12.6,24.7,.214,,.492,14.5,75.3,.183,,FedEx Forum,710502,17329,7
16,Miami Heat,28.5,37,45,33,49,-2.60,-0.32,-2.92,103.9,106.7,-2.8,90.9,.306,.262,.540,,.500,14.5,23.2,.227,,.505,14.2,73.4,.213,,AmericanAirlines Arena,808223,19713,21
17,Milwaukee Bucks*,24.6,41,41,42,40,0.43,-0.52,-0.09,102.7,102.2,+0.5,94.1,.258,.223,.536,,.499,15.5,25.4,.195,,.487,15.9,73.3,.221,,BMO Harris Bradley Center,593910,14813,12
18,Minnesota Timberwolves,24.4,16,66,19,63,-8.79,0.79,-8.00,102.9,112.2,-9.3,94.4,.309,.179,.517,,.468,13.7,26.6,.240,,.537,13.9,71.6,.187,,Target Center,595652,14416,30
19,New Orleans Pelicans*,25.3,45,37,43,39,0.79,0.34,1.13,108.2,107.3,+0.9,91.4,.263,.233,.537,,.501,12.5,27.1,.198,,.496,11.7,75.1,.195,,Smoothie King Center,683757,16677,14
20,New York Knicks,26.9,17,65,17,65,-9.32,-0.18,-9.50,99.9,110.0,-10.1,91.2,.234,.240,.508,,.470,14.0,24.5,.180,,.512,13.3,73.1,.234,,Madison Square Garden (IV),812292,19812,29
21,Oklahoma City Thunder,25.4,45,37,47,35,2.18,0.28,2.47,107.8,105.5,+2.3,95.7,.284,.262,.532,,.492,13.1,28.9,.214,,.489,12.4,75.6,.213,,Chesapeake Energy Arena,746323,18203,17
22,Orlando Magic,24.3,25,57,25,57,-5.72,-0.15,-5.87,101.6,107.7,-6.1,93.8,.230,.235,.524,,.494,14.0,23.1,.168,,.514,13.6,76.0,.210,,Amway Center,688194,16785,26
23,Philadelphia 76ers,23.2,18,64,18,64,-8.98,-0.07,-9.04,95.5,104.8,-9.3,95.7,.288,.319,.494,,.459,16.0,25.5,.195,,.497,15.2,73.0,.225,,Wells Fargo Center,571572,13941,28
24,Phoenix Suns,25.7,39,43,38,44,-0.90,0.52,-0.38,105.3,106.2,-0.9,96.3,.251,.291,.537,,.501,13.7,24.5,.191,,.497,14.0,73.5,.221,,US Airways Center,693862,16923,17
25,Portland Trail Blazers*,27.0,51,31,53,29,4.23,0.18,4.41,108.2,103.7,+4.5,94.2,.225,.316,.544,,.508,12.6,24.2,.180,,.476,11.3,76.2,.182,,Moda Center,798368,19472,13
26,Sacramento Kings,26.0,29,53,31,51,-3.71,0.64,-3.07,105.3,109.2,-3.9,95.4,.363,.204,.542,,.490,14.8,26.5,.276,,.507,11.8,75.2,.200,,Sleep Train Arena,680049,16587,25
27,San Antonio Spurs*,29.8,55,27,58,24,6.20,0.14,6.34,108.5,102.0,+6.5,93.8,.256,.269,.555,,.517,13.1,23.4,.200,,.484,13.3,77.3,.190,,AT&T Center,762855,18606,9
28,Toronto Raptors*,26.1,49,33,49,33,3.07,-0.62,2.45,111.0,107.7,+3.3,92.8,.295,.302,.553,,.508,12.0,25.6,.232,,.506,13.4,73.3,.208,,Air Canada Centre,809824,19752,15
29,Utah Jazz,23.4,38,44,42,40,0.22,0.49,0.71,105.1,104.9,+0.2,90.4,.297,.274,.531,,.494,14.6,29.1,.214,,.491,12.8,76.3,.199,,EnergySolutions Arena,772059,18831,20
30,Washington Wizards*,28.6,46,36,43,39,0.72,-0.55,0.17,103.7,103.0,+0.7,93.7,.259,.203,.534,,.499,14.0,24.9,.192,,.481,12.9,77.3,.210,,Verizon Center,747796,18239,8
1,Atlanta Hawks*,27.5,38,44,40,42,-0.48,-0.40,-0.88,105.9,106.4,-0.5,94.6,.266,.316,.554,,.515,14.3,21.0,.208,,.510,14.0,74.4,.196,,Philips Arena,587927,14231,14
2,Boston Celtics,25.4,25,57,28,54,-4.46,-0.51,-4.97,102.9,107.7,-4.8,93.3,.248,.251,.517,,.477,14.2,27.4,.193,,.505,13.4,74.2,.227,,TD Garden,742400,18107,26
3,Brooklyn Nets*,30.0,44,38,38,44,-1.00,-0.58,-1.58,106.7,107.7,-1.0,91.4,.313,.301,.555,,.514,14.1,21.7,.236,,.509,14.9,72.3,.236,,Barclays Center,707331,17252,7
4,Charlotte Hornets*,25.5,43,39,40,42,-0.22,-0.67,-0.89,103.6,103.8,-0.2,92.4,.297,.219,.522,,.481,11.7,21.9,.219,,.491,12.6,77.6,.183,,Time Warner Cable Arena,636268,15519,16
5,Chicago Bulls*,28.6,48,34,47,35,1.85,-0.66,1.20,102.5,100.5,+2.0,90.2,.290,.222,.518,,.471,14.2,27.2,.226,,.471,13.7,75.4,.189,,United Center,890370,21716,15
6,Cleveland Cavaliers,24.9,33,49,32,50,-3.29,-0.57,-3.86,104.2,107.7,-3.5,93.1,.268,.236,.518,,.479,13.0,27.2,.201,,.508,13.0,75.8,.199,,Quicken Loans Arena,710522,17330,22
7,Dallas Mavericks*,30.6,49,33,48,34,2.40,0.50,2.91,111.2,108.7,+2.5,93.5,.253,.274,.564,,.526,12.7,24.6,.201,,.515,14.8,72.7,.229,,American Airlines Center,817982,19951,10
8,Denver Nuggets,26.0,36,46,35,47,-2.15,0.75,-1.40,106.0,108.2,-2.2,98.1,.306,.278,.536,,.497,14.0,27.5,.222,,.500,12.8,74.5,.233,,Pepsi Center,692898,16900,20
9,Detroit Pistons,24.7,29,53,31,51,-3.66,-0.48,-4.13,105.9,109.7,-3.8,94.9,.296,.222,.514,,.482,12.9,31.4,.199,,.520,13.8,73.4,.218,,The Palace of Auburn Hills,616005,15025,23
10,Golden State Warriors*,26.3,51,31,54,28,4.80,0.34,5.15,107.5,102.6,+4.9,96.2,.247,.291,.550,,.517,13.8,25.1,.186,,.477,13.6,76.3,.224,,Oracle Arena,803436,19596,9
11,Houston Rockets*,25.4,54,28,53,29,4.56,0.50,5.06,111.0,106.3,+4.7,96.3,.386,.330,.571,,.531,14.6,27.4,.275,,.489,12.5,74.1,.193,,Toyota Center,743082,18124,13
12,Indiana Pacers*,27.2,56,26,54,28,4.40,-0.77,3.63,104.1,99.3,+4.8,92.5,.290,.235,.535,,.490,14.3,24.9,.226,,.460,12.9,76.8,.197,,Bankers Life Fieldhouse,717542,17501,4
13,Los Angeles Clippers*,28.1,57,25,59,23,6.98,0.30,7.27,112.1,104.8,+7.3,95.9,.353,.291,.567,,.526,12.7,25.0,.258,,.484,13.8,72.5,.222,,STAPLES Center,787692,19212,5
14,Los Angeles Lakers,26.8,27,55,25,57,-6.29,0.96,-5.33,104.2,110.6,-6.4,98.7,.263,.291,.542,,.505,13.7,20.2,.199,,.513,12.4,71.0,.192,,STAPLES Center,771974,18829,25
15,Memphis Grizzlies*,28.5,50,32,46,36,1.57,0.61,2.18,106.3,104.6,+1.7,89.9,.248,.171,.529,,.494,13.1,28.3,.184,,.497,13.8,75.7,.199,,FedEx Forum,685458,16718,11
16,Miami Heat*,30.6,54,28,54,28,4.76,-0.61,4.15,110.9,105.8,+5.1,91.2,.300,.292,.590,,.554,14.6,20.6,.228,,.511,15.8,73.0,.212,,AmericanAirlines Arena,811036,19781,2
17,Milwaukee Bucks,24.7,15,67,20,62,-8.18,-0.23,-8.41,103.0,111.8,-8.8,91.8,.274,.231,.519,,.479,14.1,27.1,.204,,.520,13.2,71.4,.225,,BMO Harris Bradley Center,552067,13465,30
18,Minnesota Timberwolves,26.3,40,42,48,34,2.67,0.43,3.10,108.9,106.2,+2.7,97.3,.321,.245,.535,,.486,12.2,27.4,.249,,.518,14.8,74.4,.177,,Target Center,597157,14565,17
19,New Orleans Pelicans,24.3,34,48,33,49,-2.71,0.73,-1.98,107.2,110.1,-2.9,92.2,.286,.193,.537,,.495,12.9,26.9,.220,,.515,13.6,73.8,.249,,Smoothie King Center,672029,16391,21
20,New York Knicks,28.3,37,45,39,43,-0.79,-0.61,-1.40,108.3,109.1,-0.8,90.3,.248,.302,.541,,.505,12.5,25.1,.189,,.514,14.0,74.3,.245,,Madison Square Garden (IV),812292,19812,19
21,Oklahoma City Thunder*,26.2,59,23,58,24,6.34,0.32,6.66,110.5,103.9,+6.6,95.4,.303,.271,.566,,.520,14.0,26.5,.244,,.488,13.9,75.6,.221,,Chesapeake Energy Arena,746323,18203,3
22,Orlando Magic,24.6,23,59,26,56,-5.44,-0.44,-5.88,101.7,107.4,-5.7,93.6,.253,.235,.525,,.487,13.9,22.4,.193,,.504,13.0,75.5,.211,,Amway Center,666046,16245,28
23,Philadelphia 76ers,23.4,19,63,16,66,-10.45,-0.21,-10.66,99.4,109.9,-10.5,99.2,.268,.258,.510,,.475,14.8,24.8,.190,,.524,14.9,72.4,.244,,Wells Fargo Center,568632,13869,29
24,Phoenix Suns,26.2,48,34,48,34,2.63,0.39,3.02,109.5,106.7,+2.8,95.8,.293,.300,.558,,.519,14.0,26.4,.222,,.496,13.9,73.7,.237,,US Airways Center,650739,15872,18
25,Portland Trail Blazers*,25.8,54,28,52,30,3.99,0.45,4.44,111.5,107.4,+4.1,94.9,.270,.290,.548,,.504,12.4,28.0,.220,,.488,11.0,74.7,.194,,Moda Center,809612,19747,6
26,Sacramento Kings,24.9,28,54,33,49,-2.90,0.82,-2.08,105.7,108.8,-3.1,94.4,.331,.218,.532,,.484,13.9,27.8,.251,,.512,12.7,76.6,.234,,Sleep Train Arena,667949,16291,24
27,San Antonio Spurs*,28.9,62,20,61,21,7.72,0.28,8.00,110.5,102.4,+8.1,95.0,.240,.257,.571,,.537,13.5,22.7,.188,,.482,12.8,76.4,.184,,AT&T Center,755031,18415,1
28,Toronto Raptors*,25.6,48,34,50,32,3.24,-0.69,2.55,108.8,105.3,+3.5,91.8,.306,.285,.545,,.498,13.2,27.2,.239,,.493,14.1,74.9,.237,,Air Canada Centre,748339,18252,12
29,Utah Jazz,24.5,25,57,22,60,-7.17,0.91,-6.27,103.5,111.3,-7.8,91.4,.271,.237,.523,,.484,13.9,25.5,.202,,.518,12.1,74.5,.227,,EnergySolutions Arena,745203,18176,27
30,Washington Wizards*,26.3,44,38,45,37,1.27,-0.79,0.48,106.0,104.6,+1.4,93.2,.248,.246,.538,,.506,13.6,25.2,.181,,.504,15.0,75.7,.220,,Verizon Center,698068,17026,8